,,Gene_name,rbcL,rbcL,rbcL,rbcL,rbcL,rbcL,rbcL,rbcL,rbcL,rbcL,rbcL,rbcL,atpB,atpB,atpB,atpB,rps8,rps8,ndhI,ndhI,ndhI,petA,petA,petA,rpl32,rpl32,rpoA,rpoA,rpoA,rpoA,rpoA,rpoA,psaI,clpP,ccsA,ccsA,ccsA,ccsA,ccsA,ccsA,ccsA,ccsA,ndhF,ndhF,ndhF,ndhF,ndhF,ndhF,ndhF,ndhF,ndhF,ndhF,ndhF,ndhF,ndhF,ndhF,ndhF,ndhF,ndhF,ndhF,ndhF,ndhF,ndhF,ndhF,ndhF,ndhF,ndhF,ndhF,ndhA,ndhA,ndhA,ndhA,ndhA,ndhA,ndhA,ndhA,ndhA,ndhA,ndhA,ndhA,ndhA,ndhA,atpI,psbJ,rps16,rps16,rps16,ndhH,ndhH,ndhH,ndhH,ndhH,psbH,psbH,infA,rps14,rps14,ndhC,ndhC,matk,matk,matk,matk,matk,matk,matk,matk,matk,matk,matk,matk,matk,matk,matk,matk,matk,matk,matk,matk,matk,matk,matk,matk,matk,matk,matk,matk,matk,matk,rps3,rps3,rps3,rps3,rps2,rps2,atpA,atpA,atpA,atpA,rpl33,rpl33,rpoC1,rpoC1,rpoC1,rpoC1,rpl22,psaA,psaA,rpoC2,rpoC2,rpoC2,rpoC2,rpoC2,rpoC2,rpoC2,rpoC2,rpoC2,rpoC2,rpoC2,rpoC2,rpoC2,rpoC2,rpoC2,rpoC2,rpoC2,rpoC2,rpoC2,rpoC2,rpoC2,rpoC2,ndhD,ndhD,ndhD,ndhD,ndhD,ndhD,ndhD,cemA,cemA,cemA,rps11,ndhJ,ndhJ,rpl14,ndhG,atpE,rpl16,psbB,psbB,psbB,rpoB,rpoB,rpoB,ndhK,ndhK,ndhK,petD,psbA,atpF,psbK
,,Position,9,13,93,142,144,227,280,325,327,340,358,446,19,104,313,467,54,113,24,90,161,7,14,152,7,45,67,226,239,313,330,338,3,198,48,58,88,182,183,185,205,258,56,285,404,435,489,492,497,503,504,525,536,558,575,590,591,623,626,631,659,671,672,677,683,690,720,721,9,15,74,75,100,109,150,251,273,289,295,296,300,307,91,16,63,70,74,4,12,166,189,263,12,71,26,17,24,11,33,41,70,106,115,118,121,144,175,192,231,240,258,277,282,319,350,352,364,367,369,385,393,396,420,422,451,486,501,507,531,53,77,145,189,126,159,122,190,213,487,26,27,540,567,575,584,108,273,619,119,223,286,396,536,574,593,626,781,855,859,897,908,957,975,1049,1058,1096,1327,1341,1345,1374,64,193,203,379,415,451,454,41,88,138,12,13,121,47,102,129,23,84,504,506,212,587,636,236,246,249,134,237,113,14
,,Convergence_degree,2,2,3,6,5,4,8,4,4,2,4,4,2,4,4,4,4,3,6,2,4,4,2,4,4,3,4,4,2,4,4,4,4,4,2,4,2,2,4,3,4,2,2,2,3,4,4,2,2,2,4,2,2,4,2,2,4,4,2,3,4,3,3,2,6,4,2,3,2,2,2,2,4,2,2,2,4,4,3,3,2,4,4,4,4,4,2,2,4,2,4,4,2,3,4,2,4,2,3,3,4,3,2,2,2,2,2,4,3,2,2,5,2,2,2,2,2,2,4,2,2,3,2,4,2,2,2,2,4,4,3,2,2,4,2,3,2,2,2,2,4,2,4,3,2,4,4,2,2,4,2,2,2,3,2,4,4,2,2,2,2,4,4,3,2,2,4,3,2,2,2,3,2,2,4,2,2,2,4,2,2,2,2,2,2,2,2,2,2,2,2,2,2,2,2,2,2,2,2,2
Species,phenotype,Non-gap_pairs,2,2,3,6,5,4,8,4,4,2,4,4,2,4,4,4,4,3,6,2,4,4,2,4,4,3,4,4,2,4,4,4,4,4,2,4,2,2,4,3,4,2,2,2,3,4,4,2,2,2,4,2,2,4,2,2,4,4,2,3,4,3,3,2,6,4,2,3,2,2,2,2,4,2,2,2,4,4,3,3,2,4,4,4,4,4,2,2,4,2,4,4,2,3,4,2,4,2,3,3,4,3,2,2,2,2,2,4,3,2,2,5,2,2,2,2,2,2,4,2,2,3,2,4,2,2,2,2,4,4,3,2,2,4,2,3,2,2,2,2,4,2,4,3,2,4,4,2,2,4,2,2,2,3,2,4,4,2,2,2,2,4,4,3,2,2,4,3,2,2,2,3,2,2,4,2,2,2,4,2,2,2,2,2,2,2,2,2,2,2,2,2,2,2,2,2,2,2,2,2
Seit,1,,S,K,A,A,A,A,S,I,S,I,S,A,A,T,A,G,N,R,G,R,P,S,I,V,T,H,G,L,S,R,I,S,F,D,T,V,T,A,L,N,V,P,L,F,C,F,S,V,V,G,G,T,H,S,T,L,I,F,S,D,V,T,N,S,I,G,L,F,S,V,L,L,V,L,S,V,L,I,M,V,F,Y,G,T,-,-,-,L,Q,M,Q,K,K,T,I,K,G,T,S,Q,P,Q,H,Y,S,Q,L,L,L,R,R,H,M,L,Q,T,S,I,T,T,T,A,V,T,Q,V,S,A,N,G,S,N,A,M,R,V,D,H,T,S,T,V,Y,H,G,G,S,I,R,R,P,Q,L,R,S,R,S,R,V,N,A,E,F,H,E,L,V,Q,L,A,K,G,S,S,M,E,V,R,H,Q,K,E,S,V,L,V,C,V,R,A,R,V,R,S,I,Y,A,K,A,V
Ceam,1,,S,K,A,S,S,A,S,I,S,I,S,A,A,A,A,G,T,R,G,R,P,S,I,V,T,H,G,L,S,C,I,S,L,D,T,V,T,A,L,N,V,P,L,L,C,F,S,V,V,D,G,T,H,S,T,L,I,F,S,N,V,T,N,G,T,S,L,F,S,V,L,L,V,L,S,V,L,I,M,V,F,Y,G,T,R,R,F,L,Q,I,Q,R,K,T,I,K,G,T,I,R,P,Q,H,Y,S,Q,L,L,F,R,R,H,M,L,Q,T,S,I,T,T,T,A,V,T,Q,V,C,T,N,G,S,N,A,M,R,V,D,H,T,S,T,V,Y,H,G,S,S,I,R,R,P,Q,L,R,S,R,S,R,V,N,A,E,F,H,E,L,V,Q,L,A,K,G,S,S,M,E,V,R,H,Q,K,E,S,V,I,V,C,V,R,A,R,I,L,S,I,S,A,K,A,V
Pafi,1,,S,K,A,T,S,A,S,V,S,M,S,A,A,A,T,G,N,R,G,R,P,S,I,V,T,D,W,L,S,R,M,L,F,D,V,V,T,P,L,S,V,P,M,L,C,F,S,V,V,S,G,A,H,S,T,I,T,F,S,N,V,T,H,G,I,G,L,F,S,V,L,L,I,L,S,A,F,I,M,V,F,Y,G,T,R,R,F,L,Q,M,Q,R,K,T,I,Q,R,T,V,R,P,H,H,Y,S,Q,L,L,F,R,R,H,I,P,Q,T,S,I,T,T,I,A,V,T,Q,V,C,T,N,G,S,N,A,M,R,V,D,H,T,S,T,V,Y,Y,G,S,S,I,R,R,P,Q,I,R,S,R,L,R,L,T,A,E,F,H,E,L,V,Q,L,A,K,G,P,S,M,E,V,K,H,Q,K,D,F,V,V,I,C,V,R,A,R,V,R,S,V,Y,A,R,E,V
Cegl,1,,S,Q,E,T,S,A,S,I,S,M,S,Q,A,A,T,G,N,Q,S,R,S,S,I,I,T,H,G,L,S,R,I,S,L,D,A,V,T,A,L,N,I,P,M,L,L,F,P,I,F,G,G,T,H,S,T,V,T,F,S,F,F,T,H,G,T,G,L,L,S,V,L,F,V,F,S,A,F,M,I,I,L,F,G,T,K,R,F,L,Q,M,Q,R,R,M,I,Q,R,T,V,Q,P,H,H,H,S,E,L,L,F,R,R,H,M,P,Q,K,S,I,T,T,T,T,V,T,Q,V,S,T,N,S,P,N,G,M,R,V,D,H,I,S,T,V,Y,L,G,S,T,V,R,Q,P,Q,L,R,S,R,S,R,V,N,A,E,F,R,E,I,V,P,L,P,R,S,S,S,M,A,V,R,H,Q,R,E,S,V,L,I,C,V,R,T,R,I,R,S,V,S,V,R,A,V
Sobi,1,,S,K,P,A,V,A,S,I,S,I,S,A,V,A,T,G,N,R,G,R,P,S,I,V,T,H,G,L,S,R,I,S,L,D,A,V,T,A,L,N,V,P,M,L,C,F,S,V,V,S,G,T,H,S,T,L,T,F,S,S,V,T,H,G,I,G,L,F,S,I,L,L,V,L,S,V,F,I,M,V,F,Y,G,T,R,R,F,L,Q,M,R,R,K,T,I,Q,R,T,V,Q,P,Y,H,Y,S,Q,L,L,L,R,R,I,M,L,Q,T,S,I,T,T,T,A,V,T,Q,V,S,T,N,G,S,N,A,M,R,V,D,H,T,S,T,V,Y,H,G,S,S,I,R,Q,P,Q,L,R,S,R,S,R,V,N,A,E,F,H,E,L,V,K,L,T,K,G,S,S,M,K,V,R,H,Q,K,D,S,V,L,V,C,V,R,A,R,V,R,S,V,Y,V,K,E,V
Arpu,input 1,,G,Q,E,A,T,A,S,I,S,I,A,E,A,A,T,G,N,R,G,K,S,S,I,V,T,Y,E,F,S,R,M,L,L,D,A,I,T,V,L,S,V,P,M,L,C,L,P,V,V,S,G,T,Y,S,A,I,T,L,S,F,V,T,Y,S,I,S,I,S,L,V,I,F,V,F,L,A,F,M,T,I,L,F,S,T,R,R,F,L,Q,V,R,R,R,M,I,Q,R,A,V,Q,P,H,H,Y,S,E,L,L,L,R,R,H,M,L,Q,T,S,I,T,T,R,A,A,T,R,V,S,T,N,G,S,K,G,M,K,I,N,H,I,S,T,L,Y,L,G,S,T,V,R,R,T,Q,L,E,P,K,S,L,V,N,G,K,L,H,Q,I,V,Q,L,P,K,G,S,S,M,A,L,G,H,R,K,E,S,L,V,V,G,V,R,A,K,V,W,S,V,Y,A,R,E,V
Erte,1,,G,Q,E,A,A,A,S,I,S,M,S,S,A,A,T,S,N,Q,G,K,P,S,I,V,T,H,G,L,S,H,I,L,L,D,A,I,T,A,L,N,V,P,L,L,C,F,P,V,V,S,G,T,R,S,T,F,T,F,S,F,V,T,H,S,I,G,I,F,L,V,L,F,V,W,S,A,F,M,M,I,L,F,G,T,R,R,L,L,H,M,Q,K,R,M,I,Q,R,T,A,Q,P,H,H,H,S,E,L,L,F,R,R,H,M,L,Q,T,S,I,N,T,T,A,I,T,R,V,C,T,D,S,S,N,G,M,R,V,D,Q,I,S,T,V,Y,H,G,S,T,V,R,R,P,Q,L,R,S,R,S,R,V,N,A,E,F,H,E,I,V,Q,L,P,R,R,S,S,M,A,V,R,H,Q,K,E,S,V,L,I,C,I,R,T,-,-,-,S,V,S,A,K,V,V
Isma,1,,S,K,P,A,A,A,S,I,S,I,S,A,V,A,T,G,N,R,G,R,P,S,I,V,T,H,G,L,C,R,I,S,L,D,A,V,T,A,L,N,V,P,M,L,C,F,S,V,V,S,G,T,H,S,T,L,T,F,F,S,I,T,H,G,I,G,L,F,S,I,L,L,I,L,S,V,F,I,M,V,F,Y,G,T,R,R,F,L,Q,M,Q,R,K,T,I,Q,R,T,V,Q,P,Y,H,Y,S,Q,L,L,F,R,R,I,M,L,Q,T,S,I,T,T,T,A,V,T,Q,V,S,T,N,G,S,N,A,M,R,V,D,H,T,S,T,V,Y,H,G,S,S,I,R,Q,P,Q,L,R,S,R,S,R,V,N,A,E,F,H,E,V,V,Q,L,T,K,G,S,S,M,K,V,R,H,Q,K,D,S,V,L,V,C,V,R,A,R,V,R,S,V,Y,A,K,A,V
Sonu,1,,S,K,P,A,A,A,S,I,S,I,S,A,V,A,T,G,N,R,G,R,P,S,I,V,T,H,W,L,S,R,I,S,L,D,A,V,T,A,F,N,V,Q,M,L,C,F,S,V,V,S,G,T,H,S,T,L,T,F,S,S,V,T,H,G,I,G,L,F,S,I,L,L,I,L,S,V,F,I,M,V,F,Y,G,T,R,R,F,L,Q,M,Q,R,K,T,I,Q,R,T,V,Q,P,Y,H,Y,S,Q,L,L,F,R,R,I,M,L,Q,T,S,I,T,T,T,A,V,T,Q,V,S,T,N,G,S,N,A,M,R,V,D,H,T,S,T,V,Y,H,G,S,S,I,R,Q,P,Q,L,R,S,R,S,C,V,N,A,E,F,H,E,L,V,Q,L,T,K,G,S,S,M,K,V,R,H,Q,K,D,S,V,L,V,C,V,R,A,R,V,R,S,V,Y,A,K,E,V
Isaf,1,,S,K,P,A,A,A,S,I,S,I,S,A,V,A,T,G,N,R,G,R,P,S,I,V,T,H,W,L,S,P,I,S,L,D,A,V,T,A,L,N,V,P,M,L,C,F,S,V,V,S,G,T,H,S,T,L,T,F,S,S,V,T,H,G,I,G,L,F,S,I,L,L,I,L,S,V,F,I,M,V,F,Y,G,T,R,R,F,L,Q,M,Q,R,K,T,I,Q,R,T,V,Q,P,Y,H,Y,S,Q,L,L,L,R,R,I,M,L,Q,T,S,I,T,T,T,A,V,T,Q,V,S,T,N,G,S,N,A,M,R,V,N,H,T,S,T,V,Y,H,G,S,T,I,R,Q,P,Q,L,R,S,R,S,R,V,N,A,E,F,H,E,L,V,Q,L,T,K,G,S,S,M,K,V,R,H,Q,K,D,S,V,L,V,C,V,R,A,R,I,R,S,V,Y,A,K,E,V
Popa,1,,S,K,P,A,V,A,S,I,S,I,S,A,V,A,T,G,N,R,G,R,P,S,I,V,T,H,G,L,S,R,I,S,L,D,A,V,T,A,L,N,V,P,M,L,C,F,S,V,V,S,G,T,H,S,T,L,T,F,S,N,V,T,H,G,I,G,L,F,S,I,L,L,I,L,S,V,F,I,M,V,F,Y,G,T,R,R,F,L,Q,M,Q,R,K,T,I,Q,R,T,V,K,P,Y,D,Y,S,Q,L,L,F,R,R,I,M,L,Q,T,S,I,T,T,T,A,V,T,Q,V,S,T,N,G,S,N,A,M,R,V,D,H,T,S,R,V,Y,H,G,S,S,I,R,Q,P,Q,L,R,S,R,S,R,V,N,A,E,F,H,E,L,V,Q,R,T,K,G,S,S,M,K,V,R,H,Q,K,D,S,V,L,V,C,V,R,A,R,V,R,S,V,Y,A,K,E,V
Euau,1,,S,K,P,A,A,A,S,I,S,I,S,A,V,A,T,G,N,R,G,R,P,S,I,V,T,H,W,L,S,R,I,S,L,D,A,V,T,A,L,N,V,P,M,L,C,F,S,V,V,S,G,T,H,S,T,L,T,F,S,S,V,T,H,G,I,G,L,F,S,I,L,L,I,L,S,V,F,I,M,V,F,Y,G,T,R,R,F,L,Q,M,Q,R,K,T,I,Q,R,T,V,Q,P,Y,H,Y,S,Q,L,L,L,R,R,I,M,L,Q,T,S,I,T,T,T,A,V,T,Q,V,S,I,N,G,S,N,A,M,R,V,D,H,T,S,T,V,Y,L,G,S,S,I,R,Q,P,Q,L,R,S,R,S,R,V,N,A,E,F,H,E,L,V,Q,L,T,K,G,S,S,M,K,V,R,H,Q,K,D,S,V,L,V,C,V,R,A,R,V,R,S,V,Y,A,K,E,V
Eccr,1,,S,K,P,T,S,S,S,I,S,I,S,A,A,T,A,S,N,R,G,R,P,S,I,V,T,H,W,L,S,R,I,S,F,D,T,V,T,S,L,N,V,Q,L,L,C,F,S,V,V,S,G,T,H,S,T,I,T,F,S,N,V,T,Y,G,T,G,L,F,S,V,L,L,I,L,S,V,F,I,M,V,F,Y,G,T,R,R,F,L,Q,M,Q,R,K,T,I,K,R,T,V,Q,P,Q,H,Y,S,Q,L,L,L,Q,R,H,M,L,Q,T,S,K,S,T,T,A,V,T,R,V,S,T,N,G,S,N,A,M,R,V,D,H,T,S,T,V,Y,L,G,S,S,I,R,R,P,Q,L,R,S,R,S,R,V,N,A,E,F,H,E,L,V,Q,L,A,R,G,S,S,M,E,V,R,H,Q,K,E,S,V,V,V,C,V,R,T,R,V,R,S,V,Y,A,K,A,V
Dadi,input 1,,S,K,A,T,S,A,A,I,S,M,S,Q,A,T,T,S,H,R,G,R,S,F,I,V,I,H,E,F,S,H,I,S,L,D,V,V,T,A,F,N,V,P,M,F,C,L,P,V,V,N,G,T,H,S,T,L,T,F,S,N,V,M,D,G,T,S,I,F,S,I,L,L,V,L,S,V,F,M,I,I,L,Y,G,T,R,K,I,L,H,I,Q,K,R,M,I,Q,R,T,V,R,S,Q,H,F,S,Q,L,L,F,R,R,H,M,L,Q,T,N,I,T,N,I,A,V,T,R,I,S,T,N,S,S,N,A,M,R,V,D,H,I,L,T,V,Y,H,G,S,S,I,R,R,P,Q,P,R,S,R,S,R,V,N,G,K,F,H,N,L,V,Q,L,A,K,G,S,S,M,E,V,R,Q,Q,R,E,S,V,V,V,Y,I,R,A,R,V,P,K,V,Y,A,K,E,V
Imcy,1,,S,K,P,A,V,A,S,I,S,I,S,T,V,A,T,G,N,R,G,R,P,S,I,V,T,H,G,L,S,R,I,S,L,D,A,V,T,A,L,N,V,P,M,L,C,F,S,V,V,S,G,T,H,S,T,I,T,L,S,N,V,T,H,G,I,G,L,F,S,I,L,L,I,L,S,V,F,I,M,V,F,Y,G,T,R,R,F,L,Q,M,Q,R,K,T,I,Q,R,T,V,K,P,Y,D,Y,S,Q,L,L,L,R,R,I,M,L,Q,T,S,I,T,T,T,A,V,T,Q,V,S,T,N,G,S,N,A,M,R,V,D,H,T,S,T,V,Y,H,G,S,S,I,R,Q,P,Q,L,R,S,R,S,R,V,N,A,E,F,H,E,L,V,Q,R,T,K,G,S,S,M,K,V,R,H,Q,K,D,S,V,L,V,C,V,R,A,R,V,R,S,V,Y,A,R,E,V
Pasu,1,,S,K,A,A,A,A,A,I,S,I,S,A,T,T,A,G,N,R,G,R,P,S,I,V,I,H,W,L,S,R,I,S,F,D,T,V,T,A,L,K,V,P,L,L,C,F,S,V,V,G,G,T,H,S,T,I,I,F,S,N,V,T,N,G,I,G,L,F,S,V,L,L,V,L,S,A,L,M,M,I,F,Y,G,T,R,K,F,L,Q,M,R,R,K,T,M,K,G,T,A,Q,P,Q,H,Y,L,Q,L,L,F,R,R,H,M,L,Q,T,S,I,T,T,T,A,V,T,R,V,C,T,N,G,S,N,A,M,R,V,D,H,T,S,T,V,Y,H,G,S,S,I,R,R,P,Q,L,G,S,R,S,R,V,N,A,E,F,H,E,L,V,Q,L,A,K,G,S,S,M,E,V,R,H,Q,K,E,S,V,L,V,C,V,R,A,K,V,Q,S,I,Y,A,K,A,V
Ecco,1,,S,Q,P,T,S,S,S,I,S,I,S,A,A,A,T,S,N,R,G,R,P,S,I,V,T,H,W,L,S,R,I,S,F,D,T,V,T,S,F,N,V,Q,L,L,C,F,S,V,V,S,G,T,H,S,T,I,T,F,S,N,V,T,Y,G,T,G,L,F,-,-,-,-,-,-,-,-,-,-,-,-,-,-,G,T,-,-,-,L,Q,M,Q,K,K,T,I,K,R,T,V,Q,S,Q,H,Y,S,Q,L,F,L,Q,R,H,M,P,Q,T,S,K,S,T,T,A,V,T,R,V,S,T,N,G,S,N,A,M,R,V,D,H,T,S,T,V,Y,L,G,S,S,I,R,R,P,Q,L,R,S,R,S,R,V,N,A,E,F,H,E,L,V,Q,L,A,R,G,S,S,M,E,V,R,H,Q,K,E,S,V,V,V,C,V,R,T,R,V,R,S,V,Y,A,K,A,V
Ecfr,1,,S,Q,P,T,S,S,S,I,S,I,S,A,A,A,T,S,N,R,G,R,P,S,I,V,T,H,W,L,S,R,I,S,F,D,T,V,T,S,F,N,V,Q,L,L,C,F,S,V,V,S,G,T,H,S,T,I,T,F,S,N,V,T,Y,G,T,G,L,F,-,-,-,-,-,-,-,-,-,-,-,-,-,-,G,T,-,-,-,L,Q,M,Q,K,K,T,I,K,R,T,V,Q,S,Q,H,Y,S,Q,L,F,L,Q,R,H,M,P,Q,T,S,K,S,T,T,A,V,T,R,V,S,T,N,G,S,N,A,M,R,V,D,H,T,S,T,V,Y,L,G,S,S,I,R,R,P,Q,L,R,S,R,S,R,V,N,A,E,F,H,E,L,V,Q,L,A,R,G,S,S,M,E,V,R,H,Q,K,E,S,V,V,V,C,V,R,T,R,V,R,S,V,Y,A,K,A,V
Axfi,1,,S,K,A,T,S,A,S,V,S,M,S,A,A,A,A,S,N,R,G,R,P,S,I,V,T,D,W,L,S,R,I,S,F,D,V,V,T,P,L,S,I,Q,M,L,C,F,S,V,V,S,G,T,H,S,T,L,T,F,S,N,V,T,H,G,I,G,L,F,S,V,L,L,I,L,S,A,F,I,M,V,F,Y,G,T,R,R,F,L,H,M,Q,R,K,T,I,Q,R,T,V,Q,P,H,H,S,S,R,L,L,L,R,R,Q,I,S,L,T,S,I,T,T,T,A,V,T,Q,V,S,T,N,G,S,N,A,M,R,V,D,H,T,S,T,V,Y,H,G,S,S,I,R,R,P,H,L,R,S,R,S,R,L,N,G,E,F,H,K,L,V,Q,L,G,K,G,P,S,M,E,V,R,H,Q,K,D,F,V,V,I,C,V,R,A,R,V,R,S,V,Y,G,K,E,V
Padi,1,,S,K,A,T,S,A,S,V,S,M,S,A,A,A,A,G,N,R,G,R,P,S,I,V,T,D,L,L,S,R,M,L,F,D,V,V,T,P,L,S,V,P,M,L,C,F,S,V,V,S,G,A,H,S,T,L,T,F,S,N,V,T,H,G,I,G,L,F,S,V,L,L,I,L,S,A,F,I,M,V,F,Y,G,T,R,R,F,L,Q,M,Q,R,K,T,I,Q,R,T,V,Q,P,H,H,Y,S,Q,L,L,F,R,R,H,I,P,Q,T,S,I,T,T,I,A,V,T,Q,V,S,T,N,G,S,N,A,M,R,V,D,H,T,S,T,V,Y,H,G,S,S,I,R,R,P,Q,I,R,S,R,L,R,L,T,A,E,F,H,E,L,V,Q,L,A,K,G,P,S,M,E,V,K,H,Q,K,D,F,V,V,I,C,V,R,A,R,V,R,S,V,Y,A,K,E,V
Cola,1,,S,K,P,A,A,A,S,I,S,I,S,E,V,A,T,G,N,R,G,R,P,S,I,V,T,H,G,L,S,R,I,S,L,D,A,V,T,A,L,N,V,P,M,L,C,F,S,V,V,S,G,T,H,S,T,L,T,F,S,I,V,T,H,G,I,G,L,F,S,I,L,L,I,L,S,V,F,I,M,V,F,Y,G,T,R,R,F,L,Q,M,Q,R,K,T,I,Q,R,T,V,Q,P,Y,H,Y,S,Q,L,L,L,R,R,I,M,L,Q,T,S,I,T,T,T,A,V,T,Q,V,S,T,N,G,S,N,A,M,R,V,D,H,T,S,T,V,Y,H,G,S,T,I,R,Q,P,R,L,R,S,R,S,R,V,N,A,E,F,H,E,L,V,Q,L,T,K,G,S,S,M,K,V,R,H,Q,K,D,S,V,L,V,C,V,R,A,R,V,R,-,-,-,A,K,E,V
Pavi,1,,S,K,A,A,S,A,A,I,A,I,S,A,T,T,T,G,N,R,G,R,P,S,I,V,I,H,G,L,S,H,I,S,F,D,T,V,T,A,L,K,V,P,L,F,C,F,S,V,V,G,G,T,H,S,T,I,I,F,S,N,V,T,N,G,I,G,L,F,S,V,L,L,I,L,S,A,L,M,M,I,F,Y,G,T,R,K,F,L,Q,M,R,R,K,T,I,K,G,T,V,Q,P,Q,H,Y,L,Q,L,L,F,Q,R,H,M,L,Q,T,S,I,T,T,T,A,V,T,R,V,C,T,N,G,S,N,A,M,R,V,D,H,T,S,T,V,Y,H,G,S,S,I,R,R,P,Q,L,G,S,R,S,R,V,N,A,E,F,H,E,L,V,Q,L,-,K,G,S,S,M,E,V,R,H,Q,K,E,S,V,L,V,C,V,R,A,K,V,Q,S,I,Y,A,K,A,V
Bocu,1,,G,Q,D,A,S,A,S,I,S,M,S,A,A,A,T,G,N,Q,G,K,P,S,I,V,T,H,G,L,S,R,I,S,L,D,A,V,T,A,L,N,V,P,L,L,C,F,P,V,V,S,E,T,R,S,T,F,T,L,Y,N,F,T,H,G,I,G,I,F,S,V,L,F,V,F,S,A,F,I,I,I,L,F,G,T,R,R,F,L,H,M,Q,K,R,M,I,Q,R,T,I,Q,P,H,H,L,S,Q,L,L,F,R,R,F,M,L,Q,T,S,I,T,T,T,A,I,T,Q,V,S,P,D,S,S,N,G,M,R,V,D,Q,I,S,M,V,Y,Y,G,S,T,V,R,R,P,Q,L,R,S,R,S,R,V,N,E,E,F,H,E,I,V,Q,L,P,R,R,S,S,M,V,A,R,H,Q,K,E,S,V,V,I,C,I,R,T,R,I,R,S,V,S,V,K,A,G
Whca,1,,S,K,A,A,A,A,A,I,A,I,S,A,T,T,T,G,N,R,G,R,P,S,I,V,I,H,G,L,N,R,I,S,F,D,T,V,T,A,L,K,V,P,L,L,C,F,S,V,V,G,G,T,H,S,T,L,I,F,S,N,I,T,N,G,I,G,L,F,S,V,L,L,V,L,S,A,L,M,M,I,F,Y,G,T,R,K,F,L,Q,M,R,R,K,T,I,K,G,T,V,Q,P,Q,H,Y,L,Q,L,L,F,R,R,H,M,L,Q,T,S,I,T,T,T,A,V,T,R,V,Y,T,N,G,S,N,A,M,R,V,D,H,T,S,T,V,Y,H,G,S,S,I,R,R,P,Q,L,G,S,R,S,R,V,N,A,E,F,H,E,L,V,Q,L,A,K,G,S,S,M,E,V,R,H,Q,K,E,S,V,L,V,C,V,R,A,K,V,Q,S,I,S,A,K,A,V
Mema,1,,S,K,A,A,A,A,A,I,S,I,S,T,A,T,T,G,N,Q,G,R,P,S,I,I,T,H,G,L,S,R,M,S,F,D,T,V,T,A,F,N,V,P,L,L,C,F,S,V,V,G,G,T,H,S,T,L,I,F,S,N,V,T,N,S,T,G,L,F,L,V,L,L,I,L,S,A,L,I,M,L,F,Y,G,T,R,R,F,L,Q,M,Q,R,K,T,I,K,G,T,V,Q,P,Q,H,Y,S,Q,L,L,F,R,R,H,M,L,Q,T,S,I,I,T,I,A,V,T,R,V,S,T,N,G,S,N,A,M,R,V,D,H,T,S,T,V,Y,H,G,S,S,I,R,R,P,Q,L,R,S,R,S,R,V,N,A,E,F,H,E,L,V,Q,L,A,K,G,S,S,M,E,V,R,H,Q,K,E,S,V,V,V,C,V,R,A,R,V,R,S,I,Y,A,K,A,V
Chvi,1,,G,Q,D,A,A,A,A,I,S,M,S,A,A,A,A,G,N,Q,G,K,P,S,I,V,T,H,L,L,S,H,I,S,L,D,A,V,T,A,L,N,V,P,L,L,L,F,S,V,V,N,G,T,R,S,T,I,T,L,S,F,L,T,H,G,I,G,L,F,S,V,I,F,V,F,S,A,F,I,M,I,L,F,G,T,R,R,F,L,Q,M,Q,K,R,M,I,Q,R,T,S,Q,P,H,H,H,S,Q,L,L,L,R,R,H,M,L,Q,T,S,I,T,T,T,A,I,T,Q,V,C,A,D,S,S,N,G,M,R,V,D,Q,I,S,R,V,Y,H,G,S,T,V,R,R,P,Q,L,R,S,R,S,R,V,N,A,E,F,H,E,I,V,K,L,P,K,T,S,S,M,V,V,R,H,Q,K,E,S,V,V,I,C,I,R,T,R,I,R,S,V,S,V,R,A,G
Chtr,1,,G,Q,D,A,S,A,A,I,S,M,S,A,A,T,A,G,N,Q,G,K,P,S,I,V,T,Q,L,L,S,H,I,S,L,D,A,V,T,A,L,N,V,P,L,L,L,F,S,V,V,N,G,T,R,S,N,I,T,L,S,N,L,T,H,G,I,G,L,F,S,V,I,F,V,F,S,A,F,I,M,I,L,F,G,T,R,R,F,L,Q,M,Q,K,R,M,I,Q,R,T,S,Q,P,H,H,H,S,Q,L,L,L,R,R,H,M,L,Q,T,S,I,T,T,T,A,I,T,Q,V,C,A,D,S,P,N,G,M,R,V,D,Q,I,S,T,V,Y,H,G,S,T,V,R,R,P,Q,L,R,S,R,S,R,V,N,A,E,F,H,E,I,V,K,L,P,R,T,S,S,M,A,V,R,H,Q,K,E,S,V,V,I,C,I,R,T,R,I,R,S,V,S,V,K,A,G
Nere,input 1,,G,Q,E,A,A,A,S,I,S,M,S,A,A,A,T,G,N,Q,G,K,P,S,I,V,T,H,G,L,S,R,I,L,L,D,A,V,T,A,F,N,V,Q,L,L,L,F,P,V,V,S,G,I,R,S,S,L,I,L,S,F,V,T,H,D,I,G,L,S,L,V,L,F,V,W,S,A,F,M,M,I,L,F,G,T,K,R,F,L,H,M,Q,K,R,M,I,Q,G,T,A,Q,S,H,H,H,W,E,L,L,L,R,R,H,M,L,Q,T,S,I,T,T,T,A,I,A,R,A,S,T,D,S,S,T,G,M,R,A,D,Q,I,L,T,V,Y,H,G,S,T,V,R,R,P,Q,L,R,S,R,S,Q,L,N,A,E,L,Y,E,I,V,Q,L,S,R,T,S,S,I,A,V,R,Q,Q,K,E,S,V,V,I,C,I,R,T,R,I,R,S,V,S,V,R,A,V
Zema,1,,S,K,P,A,S,A,S,I,S,I,S,A,V,A,T,G,N,R,S,R,P,S,I,V,T,H,G,L,S,R,I,S,F,D,A,V,T,A,L,N,V,P,M,L,C,F,S,V,V,S,G,T,H,S,T,L,T,F,S,S,V,T,H,G,T,G,L,F,S,I,L,L,I,L,S,V,F,I,M,V,F,Y,G,T,R,R,F,L,Q,M,Q,R,K,T,I,Q,R,T,V,Q,P,Y,H,Y,S,Q,L,L,L,R,H,I,M,L,Q,T,S,I,T,T,T,A,V,T,Q,V,S,T,N,G,S,N,A,M,R,V,D,H,T,S,T,V,Y,H,G,S,S,I,R,Q,P,Q,L,R,S,R,S,R,V,N,A,E,F,H,E,L,V,Q,L,T,K,G,S,S,M,K,V,R,H,Q,K,D,S,V,L,V,C,V,R,A,R,V,R,S,V,Y,A,K,E,V
Alpa,input 1,,S,K,A,T,S,S,S,I,A,I,S,A,A,A,T,S,H,R,S,R,P,F,I,V,T,H,W,L,S,R,I,S,F,D,T,I,I,A,L,N,V,P,L,L,C,F,S,V,V,S,G,T,H,S,T,L,T,F,S,N,V,T,H,G,T,G,L,F,S,V,L,F,I,L,S,V,F,I,M,V,F,Y,G,T,R,R,F,L,Q,M,Q,R,K,T,I,K,R,T,V,Q,P,Q,H,Y,S,Q,L,L,L,Q,R,H,I,P,Q,T,S,I,T,I,T,A,V,A,Q,V,C,T,D,G,S,N,A,M,R,L,D,H,T,S,T,A,Y,H,G,S,S,I,Q,R,P,Q,F,G,P,R,S,R,V,N,A,E,F,H,E,L,V,Q,L,A,K,G,P,S,I,A,V,R,H,Q,K,E,S,V,I,I,C,V,R,A,R,V,R,Y,V,Y,A,K,A,V
Bogr,1,,G,Q,D,A,A,A,A,I,S,M,S,A,A,T,A,G,N,Q,G,K,P,S,I,V,T,H,G,L,S,R,I,S,-,D,A,V,T,T,L,N,V,P,L,L,C,F,S,V,V,S,E,T,R,S,T,I,T,L,Y,N,F,T,H,G,I,G,L,F,S,V,L,F,V,F,S,A,F,I,I,I,L,F,G,T,R,R,F,L,Q,M,Q,K,R,M,I,Q,R,T,I,Q,P,H,H,L,S,Q,I,L,F,R,R,Y,M,L,Q,T,S,I,T,N,T,A,I,T,R,V,S,P,D,S,S,N,G,M,R,V,D,Q,I,S,M,V,Y,Y,G,S,T,V,R,R,P,Q,L,R,S,R,S,R,V,N,E,E,F,H,E,I,V,K,L,P,R,R,S,S,M,A,A,R,H,Q,K,E,S,V,V,I,C,I,R,T,R,I,R,S,V,S,V,K,A,G
Ermi,1,,G,Q,E,A,A,A,S,I,S,M,S,A,A,A,T,G,N,Q,G,K,P,S,I,V,T,H,G,L,S,H,I,S,L,D,A,I,T,A,L,N,V,P,L,L,C,F,P,V,V,S,G,T,R,S,T,F,T,F,S,F,V,T,H,S,I,G,I,F,S,V,I,F,V,F,S,A,F,M,I,I,L,F,G,T,R,R,F,L,H,M,Q,K,R,M,I,Q,R,T,V,Q,P,N,H,H,S,E,L,L,F,R,R,I,M,L,Q,T,S,I,N,T,T,A,I,T,R,V,C,T,D,S,S,N,G,M,R,V,D,Q,I,S,T,V,Y,H,G,S,T,V,R,R,P,Q,L,R,S,R,S,R,V,N,A,E,F,H,E,I,V,Q,L,P,R,R,S,S,M,A,V,R,H,Q,K,E,S,V,V,I,C,I,R,T,R,I,E,S,V,Y,A,K,A,V
Paca,1,,S,K,A,A,A,A,A,I,A,I,S,A,T,T,T,G,N,R,G,R,P,S,I,V,I,H,G,L,S,R,I,S,F,D,T,V,T,A,L,K,V,P,L,F,C,F,S,V,V,G,G,T,H,S,T,L,I,F,S,N,V,T,N,G,I,G,L,F,S,V,L,L,I,L,S,A,L,M,M,I,F,Y,G,T,R,K,L,L,Q,M,R,R,K,T,I,K,G,T,V,Q,P,Q,H,Y,L,Q,L,L,F,R,R,H,M,L,Q,T,S,I,T,T,T,A,V,T,R,V,C,T,N,G,S,N,A,M,R,V,D,H,T,S,T,V,Y,H,G,S,S,I,R,R,P,Q,L,G,S,R,S,R,V,N,A,E,F,H,E,L,V,Q,L,A,K,G,S,S,M,E,V,R,H,Q,K,E,S,V,L,V,C,V,R,A,K,I,Q,S,I,Y,A,K,A,V
Alci,1,,S,K,A,T,S,S,S,I,A,I,S,A,A,A,T,S,H,R,S,R,P,F,I,V,T,H,W,L,S,R,I,S,F,D,T,I,I,A,L,N,V,P,L,L,C,F,S,V,V,S,G,T,H,S,T,L,T,F,S,N,V,T,H,G,T,G,L,F,S,V,L,F,I,L,S,V,F,I,M,V,F,Y,G,T,R,R,F,L,Q,M,Q,R,K,T,I,K,R,T,V,Q,P,Q,H,F,S,Q,L,L,L,Q,R,H,I,P,Q,T,S,I,T,I,T,A,V,A,Q,V,C,T,D,G,S,N,A,M,R,L,D,H,T,S,T,A,Y,H,G,S,S,I,Q,R,P,Q,F,G,P,R,S,R,V,N,A,E,F,H,E,L,V,Q,L,A,K,G,P,S,I,E,V,R,H,Q,K,E,S,V,I,I,C,V,R,A,R,V,R,Y,V,Y,A,R,A,V
Pami,input 1,,S,K,A,A,A,A,A,I,A,I,S,A,T,T,T,G,N,R,G,R,P,S,I,V,I,H,G,L,S,R,M,S,F,D,T,V,T,A,L,K,V,P,L,F,C,F,S,V,V,G,G,T,H,S,T,I,I,F,S,N,V,T,N,G,I,G,L,F,S,V,L,L,I,L,S,A,L,M,M,I,F,Y,G,T,R,K,F,L,Q,M,R,R,K,T,I,K,G,T,A,Q,P,Q,H,Y,L,Q,L,L,F,R,R,H,M,L,Q,T,S,I,T,T,T,A,V,T,R,V,C,T,N,G,S,N,A,M,R,V,D,H,T,S,T,V,Y,H,G,S,S,I,R,R,P,Q,L,G,S,R,S,R,V,N,A,E,F,H,E,L,V,Q,L,-,K,G,S,S,M,E,V,R,H,Q,K,E,S,V,L,V,C,V,R,A,K,I,Q,S,I,Y,A,K,A,V
Chba,1,,G,Q,D,A,S,A,A,I,S,M,S,A,A,A,A,G,N,Q,G,K,P,S,I,V,T,D,L,L,S,H,I,S,L,D,A,V,T,A,L,N,V,P,L,L,L,F,S,V,V,N,G,T,R,S,T,I,T,F,S,F,L,T,H,G,I,G,L,F,S,V,I,F,V,F,S,A,F,I,M,I,L,F,G,T,R,R,F,L,Q,M,Q,K,R,M,I,Q,R,T,S,Q,P,H,H,H,S,Q,L,L,L,R,R,H,M,L,Q,T,S,I,T,T,T,A,I,T,Q,V,C,A,D,S,S,N,G,M,R,V,N,Q,I,S,T,V,Y,H,G,S,T,V,R,R,P,Q,L,R,S,R,S,R,V,N,A,E,F,H,E,I,V,Q,L,P,K,T,S,S,M,A,V,R,H,Q,K,E,S,V,V,I,C,I,K,T,R,I,R,S,V,S,V,K,A,G
Disp,1,,G,Q,D,A,S,A,A,I,S,M,S,A,A,A,T,G,N,Q,G,K,P,S,I,V,T,H,-,-,-,-,-,-,L,-,A,V,T,A,L,N,V,P,L,L,C,F,P,V,V,S,E,T,R,S,T,I,T,F,S,F,I,T,H,G,T,G,L,F,S,V,L,F,V,F,S,A,L,I,I,I,L,F,G,T,R,R,F,-,Q,M,Q,K,R,M,I,Q,R,T,I,Q,P,H,H,H,S,Q,L,L,F,R,R,H,M,L,Q,T,S,I,T,T,T,A,I,T,R,V,S,A,D,S,S,N,G,M,R,I,D,Q,I,S,T,V,Y,Y,G,S,T,V,R,R,P,Q,L,R,S,R,S,R,V,N,A,E,F,H,E,I,V,Q,L,P,R,T,S,S,M,A,V,R,H,K,K,E,S,V,V,I,C,I,R,T,R,I,R,S,V,S,V,K,A,G
Elin,1,,G,Q,D,A,A,A,A,I,S,M,S,A,A,T,A,G,N,Q,G,K,P,S,I,V,T,H,W,L,S,R,I,L,L,D,T,V,T,A,L,N,V,P,L,L,L,F,P,V,V,S,G,T,R,S,T,L,T,F,S,N,L,T,H,G,I,G,I,F,S,V,I,F,V,F,S,A,F,I,I,I,L,F,G,T,R,K,F,L,Q,M,Q,K,R,M,I,Q,R,T,I,Q,P,H,H,H,S,Q,L,L,F,R,R,H,M,L,Q,T,S,I,T,T,T,A,I,T,R,V,S,A,D,S,S,N,G,M,R,V,D,Q,I,S,T,V,Y,H,G,S,T,V,R,R,P,Q,L,R,S,R,S,R,V,N,A,E,F,H,E,I,V,K,L,P,R,T,S,S,M,A,V,R,H,Q,K,E,S,V,V,I,C,I,R,T,R,I,R,S,V,S,V,K,A,G
Hice,1,,G,Q,D,A,S,A,A,I,S,M,S,A,A,A,T,G,N,Q,G,K,P,S,I,V,T,H,G,L,S,R,I,S,L,D,A,V,T,A,L,S,V,P,L,L,C,F,P,V,V,S,E,T,R,S,T,I,T,F,S,L,L,T,H,G,I,S,L,F,S,V,L,L,V,F,S,A,F,I,M,I,F,F,A,T,R,R,F,L,Q,M,Q,K,R,M,I,Q,R,T,I,Q,P,H,H,Y,S,Q,L,L,F,R,R,I,M,P,Q,T,S,I,T,T,T,A,I,T,Q,V,C,A,D,S,S,N,G,M,R,V,D,Q,I,L,T,V,Y,Y,G,S,T,V,R,R,P,Q,L,G,S,R,S,R,V,N,A,E,L,H,D,I,V,K,L,P,R,R,S,S,M,A,V,R,H,Q,K,E,S,V,V,I,C,I,R,T,K,I,R,S,V,S,V,K,A,G
Onra,1,,S,K,A,T,S,A,S,I,A,M,S,A,A,A,T,G,N,R,G,R,P,S,I,V,T,D,W,L,S,R,I,S,F,D,V,V,T,P,L,S,V,Q,M,L,C,F,S,V,V,S,G,T,H,S,T,I,T,F,S,S,V,T,H,G,T,G,L,F,S,V,L,F,I,L,S,A,F,I,M,V,F,Y,S,T,R,R,F,L,H,M,R,R,K,T,I,Q,R,T,V,Q,P,Q,H,Y,S,Q,L,L,L,R,R,Q,I,P,Q,T,S,I,T,T,R,A,V,T,Q,V,S,T,N,G,A,N,A,M,R,V,D,H,T,S,T,V,Y,L,G,S,S,I,R,R,P,Q,L,R,S,R,S,R,L,N,A,E,F,H,E,L,V,Q,I,A,K,G,P,S,M,E,V,R,H,Q,K,D,I,V,V,I,C,V,K,A,R,V,R,S,V,Y,A,K,E,V
Arde,1,,S,K,P,S,A,A,A,I,S,I,S,A,V,A,T,G,N,R,G,R,P,S,I,V,T,H,R,L,S,R,I,S,L,D,A,V,T,A,F,N,V,P,M,L,C,F,S,V,I,S,G,T,H,S,T,I,A,F,S,R,F,T,Y,G,I,G,L,F,S,I,L,F,I,L,S,V,L,I,M,V,F,Y,G,T,R,R,F,L,Q,M,Q,R,K,T,V,Q,R,T,V,Q,P,H,H,Y,S,Q,L,L,F,R,S,I,M,L,Q,K,S,I,T,I,T,A,V,T,Q,V,S,T,N,G,S,N,A,M,R,V,D,H,T,S,T,V,Y,H,G,S,S,I,R,Q,P,Q,L,R,S,R,S,H,V,N,A,E,F,H,E,L,V,Q,L,T,K,G,S,S,M,K,V,R,H,Q,K,D,S,V,L,V,C,V,K,A,R,V,P,S,V,Y,A,R,E,V
Copr,input 1,,S,K,A,T,S,A,S,I,A,M,S,A,A,A,T,S,N,R,S,R,P,S,I,V,T,D,W,L,S,H,I,S,F,D,V,V,T,P,L,S,V,Q,M,L,C,F,P,V,V,S,G,A,H,S,T,L,T,F,S,N,V,T,H,G,T,G,L,F,S,V,I,F,I,L,S,A,L,I,M,L,F,Y,S,T,K,R,L,F,H,M,Q,R,K,T,I,Q,R,T,V,W,P,N,H,Y,S,Q,L,L,L,R,R,H,I,P,Q,T,I,I,T,T,R,A,V,T,Q,V,S,T,N,G,A,N,A,M,R,V,D,H,T,S,T,V,Y,H,G,S,S,I,R,R,A,Q,L,R,S,K,S,R,L,N,A,E,F,H,E,L,V,Q,L,A,K,G,P,S,M,E,V,R,H,Q,K,D,F,V,V,I,C,V,K,A,R,V,R,S,L,S,A,K,E,V
Alan,1,,S,K,A,T,S,S,A,I,A,I,S,A,A,A,T,S,N,R,S,R,P,F,I,V,T,D,W,L,S,R,I,S,F,D,T,I,I,A,F,N,V,P,L,L,C,F,S,V,V,S,G,T,H,S,T,L,T,F,S,N,V,T,H,G,T,G,L,F,S,V,L,F,I,L,S,V,F,I,M,V,F,Y,G,T,R,R,F,L,H,M,Q,R,K,T,I,K,G,T,V,R,P,Q,H,Y,S,R,L,L,L,Q,S,I,M,L,Q,T,S,I,T,T,T,A,V,A,Q,V,S,T,D,G,S,N,A,M,R,L,D,H,T,S,T,A,Y,L,G,-,S,I,R,R,P,Q,L,R,S,R,S,R,I,N,A,E,F,H,E,L,V,K,L,A,K,G,S,S,M,K,V,R,H,Q,K,E,S,V,L,I,C,V,R,A,K,V,R,Y,V,Y,A,R,A,V
Thxe,-1,,S,K,A,T,S,A,A,I,A,I,S,A,A,A,A,G,N,Q,S,R,P,S,I,V,T,H,G,L,S,R,I,S,F,D,T,V,T,A,-,N,V,P,L,L,C,F,S,V,V,S,G,T,H,S,T,L,T,F,S,N,V,T,H,G,T,G,L,F,S,V,L,F,I,L,S,V,F,I,M,V,F,Y,G,T,R,R,F,L,Q,M,Q,R,K,T,I,K,R,T,V,Q,P,Q,H,Y,S,Q,L,L,L,R,R,H,M,L,Q,T,S,I,T,T,T,A,V,T,R,V,S,T,N,G,P,N,A,M,R,V,N,H,T,S,T,V,Y,H,G,G,S,I,R,R,P,Q,L,R,S,R,S,R,V,N,G,E,F,H,E,L,V,Q,I,A,K,T,S,S,M,A,V,R,H,Q,K,E,S,V,L,V,C,V,R,A,R,V,R,S,V,S,A,K,A,V
Ophi,-1,,S,K,A,T,S,A,A,I,A,I,S,A,A,A,T,S,N,R,S,R,P,S,I,V,T,H,G,L,S,R,I,S,F,D,T,V,T,A,L,N,V,P,L,L,C,F,S,V,V,S,G,T,H,S,T,L,T,F,S,N,I,T,H,G,T,G,L,F,S,V,L,L,I,L,S,V,F,I,M,V,F,Y,G,T,R,R,L,L,H,M,Q,R,K,T,S,K,R,T,V,G,P,Q,H,Y,S,Q,L,L,L,Q,R,H,M,L,Q,T,S,I,T,T,T,A,V,T,R,V,S,T,N,G,S,N,A,M,R,V,D,H,T,S,T,V,Y,H,G,S,S,I,R,R,P,Q,L,R,S,R,S,R,V,N,A,E,F,H,E,L,V,Q,L,A,K,G,S,S,M,E,V,R,H,Q,K,E,S,V,V,V,C,V,R,A,R,V,R,S,V,Y,A,K,A,V
Brdi,-1,,S,K,D,T,S,S,A,I,A,I,A,A,T,A,A,G,N,R,S,R,A,S,T,V,T,H,G,L,G,R,V,S,L,H,A,V,T,Y,F,S,V,Q,M,L,W,F,P,V,V,S,E,T,H,F,I,I,T,L,S,N,L,T,E,G,T,S,L,F,S,I,L,L,I,L,S,V,L,A,M,T,F,Y,G,T,R,K,F,L,Q,I,Q,R,K,T,I,Q,Q,T,I,H,P,H,Y,F,S,E,L,L,L,R,R,H,M,L,Q,A,S,K,P,T,I,A,I,T,R,V,S,T,N,G,S,N,G,M,R,I,D,H,I,-,-,V,Y,I,G,S,T,I,-,-,-,-,-,-,-,-,-,-,-,-,-,-,-,-,-,-,-,-,-,-,K,G,S,S,T,A,M,R,H,Q,R,K,S,V,V,V,C,V,K,A,R,V,R,S,V,Y,A,K,E,-
Phau,-1,,S,K,E,T,S,S,A,I,A,M,A,Q,A,A,A,G,N,Q,S,R,P,F,I,V,T,H,W,L,S,R,I,S,F,D,A,V,T,A,L,N,V,P,M,L,W,F,P,V,V,S,G,T,H,S,T,L,T,F,S,N,V,T,H,G,T,G,L,F,S,V,L,F,I,L,S,A,F,M,M,I,L,Y,G,T,R,R,F,L,Q,M,Q,R,R,T,I,Q,R,T,V,Q,P,H,H,Y,S,E,L,L,L,R,R,H,M,L,Q,T,S,I,T,T,T,A,V,T,R,V,S,T,N,G,S,N,A,M,R,V,N,H,I,S,T,V,Y,H,G,S,T,V,R,R,P,Q,L,R,S,R,S,R,V,N,A,E,F,H,K,I,V,Q,L,P,K,R,S,S,M,A,V,R,H,Q,R,E,S,V,V,V,C,I,R,T,R,V,R,S,V,S,A,K,E,V
Cela,input -1,,S,K,A,T,S,A,A,V,A,M,A,Q,G,A,T,G,N,Q,S,R,P,S,L,V,T,H,G,L,R,R,I,S,F,D,A,V,I,P,L,N,I,Q,M,L,C,F,P,V,I,S,R,T,H,S,T,L,T,F,Y,N,V,A,H,G,T,G,L,F,S,A,L,F,I,L,L,V,F,I,I,I,F,Y,G,T,R,R,F,L,H,M,Q,R,R,V,T,Q,R,T,V,R,P,H,H,Y,S,E,L,L,L,R,R,H,M,L,Q,T,S,K,P,A,T,T,V,T,Q,V,C,T,N,G,S,N,A,K,K,V,D,Q,T,L,T,V,Y,H,A,S,S,I,Q,R,P,K,L,R,S,R,L,R,V,T,A,E,F,H,E,L,L,K,R,A,K,R,S,G,M,E,V,R,H,Q,R,E,F,V,V,V,C,I,R,A,R,V,R,S,V,Y,A,K,E,V
Zepi,-1,,S,K,A,T,S,A,A,V,A,M,A,Q,A,A,T,S,N,R,S,R,P,S,I,V,T,H,R,L,S,R,M,S,F,D,A,V,T,A,L,N,V,P,M,L,C,F,P,V,V,S,G,T,H,F,T,L,T,F,S,F,V,T,N,G,T,G,I,S,S,I,L,F,I,L,S,V,F,M,M,I,L,Y,G,T,R,R,F,L,H,M,Q,K,R,M,I,Q,R,T,V,K,P,H,H,Y,S,L,L,I,L,R,R,H,M,L,Q,T,S,I,T,T,T,A,V,T,Q,V,S,A,T,A,S,N,A,M,S,V,D,H,T,S,T,V,H,Y,G,S,S,I,R,R,P,Q,L,G,S,K,S,R,V,N,V,E,F,H,E,L,L,Q,L,A,R,R,S,S,M,E,V,K,H,Q,R,E,S,V,V,V,C,I,R,A,R,V,R,S,V,Y,A,K,E,D
Ammu,input -1,,S,K,A,T,S,S,A,I,A,I,S,A,A,A,T,S,N,R,S,R,P,S,I,V,T,Y,G,L,S,R,I,S,F,D,T,V,T,A,L,N,V,P,L,L,C,F,S,V,V,S,G,T,H,S,T,L,T,F,S,N,V,T,H,G,T,G,L,F,S,I,L,F,I,L,S,V,F,I,M,V,F,Y,G,T,R,R,F,L,H,M,Q,R,K,T,I,K,R,T,V,Q,P,Q,H,F,S,Q,L,L,L,Q,R,H,M,L,Q,K,S,I,T,T,T,A,V,T,R,V,S,T,N,G,P,N,A,M,R,V,D,H,T,S,T,V,Y,H,G,S,S,I,Q,R,P,Q,L,R,S,R,S,R,V,N,A,E,F,H,E,L,V,Q,L,A,K,G,S,S,M,E,A,R,H,Q,K,E,S,V,V,V,C,V,K,A,R,V,R,S,V,Y,A,R,A,V
Hama,-1,,S,K,E,T,S,S,A,I,A,M,A,Q,A,A,A,G,N,Q,S,R,P,F,I,V,T,H,W,L,S,R,I,S,F,D,A,V,T,A,L,N,V,P,M,L,W,F,P,V,F,S,G,T,H,S,T,L,T,F,S,N,V,T,H,G,T,G,L,F,S,V,L,F,I,L,S,A,F,I,M,I,L,Y,G,T,R,R,F,L,H,M,Q,R,R,T,I,Q,R,T,V,Q,P,H,H,Y,S,E,L,L,L,R,R,H,M,L,Q,T,S,I,T,T,T,A,V,T,R,V,S,T,N,G,S,N,A,M,R,V,N,H,I,S,T,V,Y,H,G,S,S,V,R,R,P,Q,L,R,S,R,S,R,V,N,A,E,F,H,K,I,V,Q,L,P,K,R,S,S,M,A,V,R,H,Q,R,E,S,-,V,V,-,I,R,T,R,V,R,S,A,S,A,K,E,V
Moca,-1,,S,K,E,T,S,S,A,V,A,M,A,Q,A,A,A,G,N,Q,S,R,P,F,I,V,T,H,W,L,S,R,I,S,F,D,A,V,T,A,L,N,V,P,M,L,W,F,P,V,V,S,G,T,H,S,T,L,T,F,S,N,V,T,H,G,T,G,L,F,S,V,L,F,I,L,S,A,F,M,M,I,L,Y,G,T,R,R,F,L,H,M,Q,R,R,T,I,Q,R,T,V,Q,P,H,H,Y,S,E,L,L,L,R,R,I,M,L,Q,T,S,I,T,T,T,A,V,T,R,V,S,T,N,G,S,N,A,M,R,V,N,H,I,S,T,V,Y,H,G,S,S,V,R,R,P,Q,L,R,S,R,S,R,V,N,A,E,F,H,K,I,V,Q,L,P,K,R,S,S,M,A,V,R,H,Q,R,E,S,-,V,V,-,I,R,P,R,V,R,S,V,S,A,K,E,V
Mopa,-1,,S,K,E,T,S,S,A,V,A,M,S,Q,A,A,A,G,N,R,S,R,P,S,I,V,T,N,G,L,S,R,I,S,F,D,A,V,T,A,L,N,V,P,M,L,L,F,P,V,V,S,G,T,H,S,T,L,T,L,S,N,V,T,H,G,T,G,L,F,S,V,L,F,V,L,S,A,F,M,M,I,L,Y,G,T,R,R,F,L,H,I,Q,R,R,T,V,Q,R,T,V,P,P,H,H,Y,S,E,L,L,L,Q,R,H,M,L,Q,T,S,T,T,T,T,A,V,A,R,V,S,T,N,G,P,N,A,M,R,V,N,Q,I,S,T,V,Y,H,G,G,T,V,R,R,P,Q,L,R,S,R,S,H,V,N,V,E,F,H,E,I,V,Q,L,P,K,R,S,S,M,A,V,R,Q,Q,R,E,Y,V,V,V,C,I,R,T,R,V,G,S,V,S,V,R,E,V
Chin,-1,,G,Q,E,T,S,A,A,I,S,I,S,E,A,A,A,G,N,K,S,R,P,S,V,I,-,-,G,L,C,R,I,S,L,E,V,V,T,T,L,N,I,Q,M,L,W,L,S,I,V,S,G,T,H,F,T,L,T,F,S,N,I,L,H,G,T,S,L,F,S,L,L,F,I,L,S,A,F,M,I,I,F,Y,G,A,R,K,F,F,Q,M,Q,R,K,M,N,Q,R,A,F,Q,P,N,R,H,S,E,I,F,L,Q,R,I,M,L,R,T,S,I,T,I,I,A,V,T,Q,V,S,I,N,G,P,N,G,M,R,V,D,Q,I,S,T,V,S,H,G,G,S,V,R,Q,P,E,L,R,S,R,L,R,V,N,S,E,F,R,E,I,L,Q,L,-,R,R,S,T,M,A,V,R,H,R,R,D,S,V,V,I,C,V,R,T,R,I,R,S,V,S,V,K,E,I
Daca,input -1,,G,K,E,T,S,A,A,V,S,I,A,E,A,A,A,G,N,K,G,R,P,S,V,I,T,N,E,L,C,R,I,S,L,E,A,V,I,A,L,N,I,Q,M,L,W,F,S,I,G,S,G,T,H,F,T,L,T,F,S,N,I,M,H,G,T,G,L,F,S,L,L,F,I,L,S,A,F,M,I,I,L,Y,G,A,R,R,F,F,Q,M,Q,R,K,T,T,Q,R,A,S,Q,P,H,R,H,S,E,I,F,S,Q,H,I,M,L,R,T,S,I,T,I,I,A,V,T,Q,V,S,I,N,G,P,N,G,M,R,V,N,Q,I,S,T,V,S,H,G,G,S,V,R,Q,P,E,L,R,S,R,L,R,V,N,A,E,F,R,E,I,L,Q,L,P,R,R,S,T,M,A,M,R,H,R,R,D,S,L,V,I,C,V,R,T,R,V,R,S,V,S,V,K,E,I
Orsa,-1,,S,K,D,T,S,S,A,I,A,M,A,S,T,A,T,G,N,R,S,R,T,S,T,V,T,H,G,L,R,R,M,-,F,D,A,V,M,A,L,S,V,P,M,L,W,F,S,V,V,S,G,T,H,S,T,I,T,L,S,Y,T,T,Q,G,T,S,L,F,L,V,L,F,I,L,S,V,L,M,M,T,F,Y,G,T,R,R,F,-,-,-,-,-,G,M,I,Q,R,-,-,L,L,H,Y,F,S,E,L,L,L,R,R,I,M,L,Q,E,S,I,S,T,K,V,I,T,K,V,S,A,N,G,S,N,A,M,R,V,D,H,I,S,A,V,Y,L,G,S,S,I,R,Q,P,Q,L,R,S,K,L,R,V,H,A,E,S,H,E,I,V,Q,L,S,K,R,S,S,M,E,E,R,R,Q,K,E,S,V,V,V,Y,V,R,P,R,V,R,-,-,-,A,R,A,V
Elsp,-1,,S,Q,E,T,S,S,A,I,A,M,A,Q,A,A,T,G,N,R,S,K,P,S,I,V,T,H,G,L,S,R,I,S,F,D,A,V,T,A,F,N,V,P,M,L,W,F,P,A,F,S,G,T,H,S,T,L,T,F,S,F,V,T,H,S,T,G,I,S,S,V,L,F,I,L,S,A,L,M,I,I,L,Y,G,T,R,R,F,L,H,M,Q,R,R,T,I,Q,R,T,V,W,P,P,H,Y,S,E,L,L,L,R,R,F,M,L,L,T,S,I,T,T,R,T,V,T,R,V,C,T,N,G,S,N,A,M,R,V,D,H,I,S,T,V,Y,R,G,S,S,V,R,R,P,Q,L,K,S,R,S,R,V,N,A,E,F,R,E,I,V,Q,L,P,K,R,S,S,M,E,V,R,H,Q,R,E,S,V,V,V,C,I,R,T,R,V,R,S,V,S,A,K,E,V
Thla,-1,,S,K,A,T,S,A,A,I,A,M,A,Q,A,A,T,G,N,R,S,R,P,S,I,V,T,H,G,L,S,R,I,S,F,D,A,V,T,A,L,N,V,P,M,L,C,F,P,V,V,S,R,T,H,S,T,L,T,F,S,N,V,T,H,G,T,G,I,S,S,V,L,F,I,L,L,V,F,M,I,I,L,Y,G,T,R,R,F,L,H,M,Q,R,R,M,I,Q,R,T,V,Q,P,H,H,Y,S,Q,L,L,F,R,R,H,M,L,Q,T,S,I,T,T,T,T,V,T,Q,V,S,T,N,G,S,N,A,M,K,V,D,Q,T,S,T,V,Y,H,G,S,S,I,R,R,P,K,L,R,S,R,L,R,V,T,A,E,F,H,E,L,V,Q,R,A,K,R,S,S,M,E,V,R,H,Q,R,E,S,V,V,I,C,I,R,A,R,V,R,S,V,Y,A,K,E,V
Otve,-1,,S,K,G,T,S,S,A,I,A,I,S,A,V,A,T,G,N,R,S,R,P,S,I,V,T,D,W,L,S,R,I,S,F,E,V,V,T,P,L,S,V,P,M,L,C,F,S,V,V,S,G,T,H,S,T,L,T,F,S,H,V,T,H,G,T,G,L,F,S,V,L,F,I,L,S,A,F,I,M,V,F,Y,G,T,R,R,F,L,H,M,Q,R,K,T,I,Q,R,A,V,R,P,H,H,Y,S,Q,R,L,L,R,R,Q,I,P,Q,T,S,I,T,T,T,V,V,T,Q,V,S,T,N,G,S,N,A,M,R,V,D,H,T,S,M,V,Y,L,G,S,S,I,R,R,P,Q,L,R,S,R,S,R,L,N,A,E,F,Y,E,L,V,Q,L,A,K,G,P,S,M,E,V,G,H,Q,K,D,F,V,V,I,C,V,K,A,R,V,R,S,V,Y,V,K,E,V
Stla,-1,,S,K,G,T,S,S,A,I,A,I,S,A,V,A,T,G,N,R,S,R,P,S,I,V,T,D,W,L,S,R,I,S,F,E,V,V,T,P,L,S,V,P,M,L,C,F,S,V,V,S,G,T,H,S,S,L,T,F,S,N,V,T,H,G,T,G,L,F,S,V,L,F,I,L,S,A,F,I,M,V,F,Y,G,T,R,R,F,L,H,M,Q,R,K,T,I,Q,R,T,V,R,P,H,H,Y,S,Q,R,L,L,R,R,Q,I,P,Q,T,S,I,T,T,T,V,V,T,Q,V,S,T,N,G,S,N,A,M,R,V,D,H,T,S,T,V,Y,H,G,S,S,I,R,R,P,Q,L,R,S,R,S,R,L,N,A,E,F,Y,E,L,V,Q,L,A,K,G,P,S,M,E,V,G,H,Q,K,D,F,V,V,I,C,V,K,A,R,V,R,S,V,Y,A,K,E,V
Diac,input -1,,S,K,E,T,S,S,A,I,A,I,S,E,A,A,T,G,N,R,S,R,P,S,I,V,T,H,G,L,S,R,I,S,F,D,T,V,T,A,L,N,V,P,L,L,C,F,S,L,V,S,R,T,H,S,T,L,T,F,F,N,V,T,H,G,T,G,L,F,S,V,L,F,I,L,S,V,F,I,M,V,F,Y,G,A,R,R,F,L,H,M,Q,R,K,T,I,K,R,T,V,R,P,Q,H,Y,S,Q,L,L,L,R,R,I,M,L,Q,T,S,I,T,T,T,A,V,T,R,V,S,P,N,G,S,N,A,M,R,V,D,H,T,S,M,V,Y,L,V,G,S,I,R,R,P,Q,L,G,S,R,S,R,V,N,S,E,F,H,E,L,V,Q,I,A,R,G,S,S,M,E,L,R,H,Q,K,E,S,V,V,V,C,V,R,A,R,V,R,S,V,Y,A,K,A,V
Plte,input -1,,S,K,G,T,S,S,A,I,A,I,S,A,V,A,T,G,N,R,S,R,P,S,I,V,T,D,W,L,S,R,I,S,F,E,V,V,T,P,L,S,V,Q,M,L,C,F,S,V,V,S,G,T,H,S,T,L,T,F,S,N,V,T,H,G,T,G,L,F,S,V,L,L,I,L,S,A,F,I,M,V,F,Y,G,T,R,R,F,L,H,M,Q,R,K,T,I,K,R,T,V,R,P,H,H,Y,S,Q,R,F,L,R,R,Q,I,P,Q,T,S,L,T,T,T,V,V,T,Q,V,S,T,N,G,S,N,A,M,R,V,D,H,T,S,T,V,Y,L,G,S,S,I,R,R,P,Q,L,R,S,R,S,R,L,N,A,E,F,Y,E,I,V,P,L,A,K,G,P,S,M,E,V,G,H,Q,K,D,F,V,V,I,C,V,K,A,R,V,R,S,V,Y,A,R,E,V
Sade,input -1,,S,Q,E,T,S,A,A,I,A,M,A,E,T,A,A,G,N,Q,S,K,P,S,I,I,T,Y,G,L,S,R,I,S,F,D,A,V,T,V,L,N,V,P,M,F,W,F,P,V,V,S,G,T,H,F,T,I,T,F,S,L,I,M,H,G,T,G,I,L,L,V,I,F,V,L,L,A,F,M,I,I,L,Y,G,T,R,R,F,F,H,M,Q,R,R,M,I,Q,R,A,V,Q,P,H,C,F,S,E,L,L,L,R,G,H,M,L,L,I,S,I,P,I,R,I,V,T,R,V,S,T,N,G,S,N,A,K,K,V,N,H,I,S,M,V,S,R,G,S,S,I,R,Q,P,Q,L,R,P,R,S,R,V,H,T,E,F,Y,E,I,V,E,L,P,K,G,S,S,M,A,V,G,H,R,K,E,S,L,V,V,C,V,R,T,K,I,W,S,V,Y,V,R,E,F
Sape,-1,,S,Q,E,T,S,A,A,I,A,M,A,E,T,A,T,G,N,Q,S,K,P,S,I,V,T,Y,G,L,S,R,I,S,F,D,T,V,T,V,L,N,V,P,M,F,W,F,P,V,V,S,G,T,H,F,T,I,T,F,S,L,I,M,H,G,T,G,I,F,L,V,I,F,V,L,L,A,F,M,I,I,L,Y,G,T,R,R,F,F,H,M,Q,R,R,M,I,Q,R,A,V,Q,P,H,C,F,S,E,L,L,F,R,G,I,M,L,L,I,S,I,P,I,R,I,V,T,R,V,S,T,N,G,S,N,A,K,K,V,N,H,I,S,M,V,S,R,G,S,S,I,R,Q,P,Q,L,R,P,R,S,R,V,N,T,E,F,H,E,I,V,E,L,P,K,G,S,S,M,A,V,G,H,R,K,E,S,L,V,V,C,V,R,T,K,I,W,S,V,Y,V,R,E,F